BioMAP Viewer Mixed Profile,Mechanism,,,,,,,,,,,,,,,,,,,,,,,,,,,,,,,,,,,,,,,,,,,,,,,,,,,,,,,,,,,,,,,,,,,,,,,,,,,,,,,,,,,,
"Trusted, Agents, FICZ, BSK-C016173, 1000 nM",AhR agonist,,,,,,,,,,,,,,,,,,,,,,,,,,,,,,,,,,,,,,,,,,,,,,,,,,,,,,,,,,,,,,,,,,,,,,,,,,,,,,,,,,,,
"Trusted, Agents, FICZ, BSK-C016173, 111.1 nM",AhR agonist,,,,,,,,,,,,,,,,,,,,,,,,,,,,,,,,,,,,,,,,,,,,,,,,,,,,,,,,,,,,,,,,,,,,,,,,,,,,,,,,,,,,
"Trusted, Agents, FICZ, BSK-C016173, 333.3 nM",AhR agonist,,,,,,,,,,,,,,,,,,,,,,,,,,,,,,,,,,,,,,,,,,,,,,,,,,,,,,,,,,,,,,,,,,,,,,,,,,,,,,,,,,,,
"Trusted, Agents, FICZ, BSK-C016173, 37 nM",AhR agonist,,,,,,,,,,,,,,,,,,,,,,,,,,,,,,,,,,,,,,,,,,,,,,,,,,,,,,,,,,,,,,,,,,,,,,,,,,,,,,,,,,,,
"Trusted, Agents, Cyclosporin A, BSK-C016173, 1111.1 nM",Calcineurin inhibitor,,,,,,,,,,,,,,,,,,,,,,,,,,,,,,,,,,,,,,,,,,,,,,,,,,,,,,,,,,,,,,,,,,,,,,,,,,,,,,,,,,,,
"Trusted, Agents, Cyclosporin A, BSK-C016173, 123.5 nM",Calcineurin inhibitor,,,,,,,,,,,,,,,,,,,,,,,,,,,,,,,,,,,,,,,,,,,,,,,,,,,,,,,,,,,,,,,,,,,,,,,,,,,,,,,,,,,,
"Trusted, Agents, Cyclosporin A, BSK-C016173, 3333.3 nM",Calcineurin inhibitor,,,,,,,,,,,,,,,,,,,,,,,,,,,,,,,,,,,,,,,,,,,,,,,,,,,,,,,,,,,,,,,,,,,,,,,,,,,,,,,,,,,,
"Trusted, Agents, Cyclosporin A, BSK-C016173, 370.4 nM",Calcineurin inhibitor,,,,,,,,,,,,,,,,,,,,,,,,,,,,,,,,,,,,,,,,,,,,,,,,,,,,,,,,,,,,,,,,,,,,,,,,,,,,,,,,,,,,
"Trusted, Agents, Cyclosporin A, BSK-C016173, 41.2 nM",Calcineurin inhibitor,,,,,,,,,,,,,,,,,,,,,,,,,,,,,,,,,,,,,,,,,,,,,,,,,,,,,,,,,,,,,,,,,,,,,,,,,,,,,,,,,,,,
"Trusted, Agents, FK-506, BSK-C016173, 1111.1 nM",Calcineurin inhibitor,,,,,,,,,,,,,,,,,,,,,,,,,,,,,,,,,,,,,,,,,,,,,,,,,,,,,,,,,,,,,,,,,,,,,,,,,,,,,,,,,,,,
"Trusted, Agents, FK-506, BSK-C016173, 123.5 nM",Calcineurin inhibitor,,,,,,,,,,,,,,,,,,,,,,,,,,,,,,,,,,,,,,,,,,,,,,,,,,,,,,,,,,,,,,,,,,,,,,,,,,,,,,,,,,,,
"Trusted, Agents, FK-506, BSK-C016173, 13.7 nM",Calcineurin inhibitor,,,,,,,,,,,,,,,,,,,,,,,,,,,,,,,,,,,,,,,,,,,,,,,,,,,,,,,,,,,,,,,,,,,,,,,,,,,,,,,,,,,,
"Trusted, Agents, FK-506, BSK-C016173, 3333.3 nM",Calcineurin inhibitor,,,,,,,,,,,,,,,,,,,,,,,,,,,,,,,,,,,,,,,,,,,,,,,,,,,,,,,,,,,,,,,,,,,,,,,,,,,,,,,,,,,,
"Trusted, Agents, FK-506, BSK-C016173, 370.4 nM",Calcineurin inhibitor,,,,,,,,,,,,,,,,,,,,,,,,,,,,,,,,,,,,,,,,,,,,,,,,,,,,,,,,,,,,,,,,,,,,,,,,,,,,,,,,,,,,
"Trusted, Agents, FK-506, BSK-C016173, 4.6 nM",Calcineurin inhibitor,,,,,,,,,,,,,,,,,,,,,,,,,,,,,,,,,,,,,,,,,,,,,,,,,,,,,,,,,,,,,,,,,,,,,,,,,,,,,,,,,,,,
"Trusted, Agents, FK-506, BSK-C016173, 41.2 nM",Calcineurin inhibitor,,,,,,,,,,,,,,,,,,,,,,,,,,,,,,,,,,,,,,,,,,,,,,,,,,,,,,,,,,,,,,,,,,,,,,,,,,,,,,,,,,,,
"Trusted, Agents, BIBX1382, BSK-C016173, 1111.1 nM",EGFR inhibitor,,,,,,,,,,,,,,,,,,,,,,,,,,,,,,,,,,,,,,,,,,,,,,,,,,,,,,,,,,,,,,,,,,,,,,,,,,,,,,,,,,,,
"Trusted, Agents, BIBX1382, BSK-C016173, 3333.3 nM",EGFR inhibitor,,,,,,,,,,,,,,,,,,,,,,,,,,,,,,,,,,,,,,,,,,,,,,,,,,,,,,,,,,,,,,,,,,,,,,,,,,,,,,,,,,,,
"Trusted, Agents, BIBX1382, BSK-C016173, 370.4 nM",EGFR inhibitor,,,,,,,,,,,,,,,,,,,,,,,,,,,,,,,,,,,,,,,,,,,,,,,,,,,,,,,,,,,,,,,,,,,,,,,,,,,,,,,,,,,,
"Trusted, Agents, EGFR/ErbB-2/ErbB-4 Inhibitor, BSK-C016173, 123.5 nM",EGFR inhibitor,,,,,,,,,,,,,,,,,,,,,,,,,,,,,,,,,,,,,,,,,,,,,,,,,,,,,,,,,,,,,,,,,,,,,,,,,,,,,,,,,,,,
"Trusted, Agents, EGFR/ErbB-2/ErbB-4 Inhibitor, BSK-C016173, 370.4 nM",EGFR inhibitor,,,,,,,,,,,,,,,,,,,,,,,,,,,,,,,,,,,,,,,,,,,,,,,,,,,,,,,,,,,,,,,,,,,,,,,,,,,,,,,,,,,,
"Trusted, Agents, Erlotinib, BSK-C016173, 10000 nM",EGFR inhibitor,,,,,,,,,,,,,,,,,,,,,,,,,,,,,,,,,,,,,,,,,,,,,,,,,,,,,,,,,,,,,,,,,,,,,,,,,,,,,,,,,,,,
"Trusted, Agents, Erlotinib, BSK-C016173, 1111.1 nM",EGFR inhibitor,,,,,,,,,,,,,,,,,,,,,,,,,,,,,,,,,,,,,,,,,,,,,,,,,,,,,,,,,,,,,,,,,,,,,,,,,,,,,,,,,,,,
"Trusted, Agents, Erlotinib, BSK-C016173, 3333.3 nM",EGFR inhibitor,,,,,,,,,,,,,,,,,,,,,,,,,,,,,,,,,,,,,,,,,,,,,,,,,,,,,,,,,,,,,,,,,,,,,,,,,,,,,,,,,,,,
"Trusted, Agents, Erlotinib, BSK-C016173, 370.4 nM",EGFR inhibitor,,,,,,,,,,,,,,,,,,,,,,,,,,,,,,,,,,,,,,,,,,,,,,,,,,,,,,,,,,,,,,,,,,,,,,,,,,,,,,,,,,,,
"Trusted, Agents, Gefitinib, BSK-C016173, 1000 nM",EGFR inhibitor,,,,,,,,,,,,,,,,,,,,,,,,,,,,,,,,,,,,,,,,,,,,,,,,,,,,,,,,,,,,,,,,,,,,,,,,,,,,,,,,,,,,
"Trusted, Agents, Gefitinib, BSK-C016173, 111.1 nM",EGFR inhibitor,,,,,,,,,,,,,,,,,,,,,,,,,,,,,,,,,,,,,,,,,,,,,,,,,,,,,,,,,,,,,,,,,,,,,,,,,,,,,,,,,,,,
"Trusted, Agents, Gefitinib, BSK-C016173, 3000 nM",EGFR inhibitor,,,,,,,,,,,,,,,,,,,,,,,,,,,,,,,,,,,,,,,,,,,,,,,,,,,,,,,,,,,,,,,,,,,,,,,,,,,,,,,,,,,,
"Trusted, Agents, Gefitinib, BSK-C016173, 333.3 nM",EGFR inhibitor,,,,,,,,,,,,,,,,,,,,,,,,,,,,,,,,,,,,,,,,,,,,,,,,,,,,,,,,,,,,,,,,,,,,,,,,,,,,,,,,,,,,
"Trusted, Agents, Vandetanib, BSK-C016173, 1111.1 nM",EGFR inhibitor,,,,,,,,,,,,,,,,,,,,,,,,,,,,,,,,,,,,,,,,,,,,,,,,,,,,,,,,,,,,,,,,,,,,,,,,,,,,,,,,,,,,
"Trusted, Agents, Thapsigargin, BSK-C016173, 1.5 nM",SR Ca++ ATPase inhibitor,,,,,,,,,,,,,,,,,,,,,,,,,,,,,,,,,,,,,,,,,,,,,,,,,,,,,,,,,,,,,,,,,,,,,,,,,,,,,,,,,,,,
"Trusted, Agents, Thapsigargin, BSK-C016173, 13.7 nM",SR Ca++ ATPase inhibitor,,,,,,,,,,,,,,,,,,,,,,,,,,,,,,,,,,,,,,,,,,,,,,,,,,,,,,,,,,,,,,,,,,,,,,,,,,,,,,,,,,,,
"Trusted, Agents, Thapsigargin, BSK-C016173, 4.6 nM",SR Ca++ ATPase inhibitor,,,,,,,,,,,,,,,,,,,,,,,,,,,,,,,,,,,,,,,,,,,,,,,,,,,,,,,,,,,,,,,,,,,,,,,,,,,,,,,,,,,,
"Trusted, Agents, Thapsigargin, BSK-C016173, 41.2 nM",SR Ca++ ATPase inhibitor,,,,,,,,,,,,,,,,,,,,,,,,,,,,,,,,,,,,,,,,,,,,,,,,,,,,,,,,,,,,,,,,,,,,,,,,,,,,,,,,,,,,
"Trusted, Agents, Prostaglandin E1, BSK-C016173, 10000 nM",EP agonist,,,,,,,,,,,,,,,,,,,,,,,,,,,,,,,,,,,,,,,,,,,,,,,,,,,,,,,,,,,,,,,,,,,,,,,,,,,,,,,,,,,,
"Trusted, Agents, Prostaglandin E1, BSK-C016173, 1111.1 nM",EP agonist,,,,,,,,,,,,,,,,,,,,,,,,,,,,,,,,,,,,,,,,,,,,,,,,,,,,,,,,,,,,,,,,,,,,,,,,,,,,,,,,,,,,
"Trusted, Agents, Prostaglandin E1, BSK-C016173, 3333.3 nM",EP agonist,,,,,,,,,,,,,,,,,,,,,,,,,,,,,,,,,,,,,,,,,,,,,,,,,,,,,,,,,,,,,,,,,,,,,,,,,,,,,,,,,,,,
"Trusted, Agents, Prostaglandin E1, BSK-C016173, 370.4 nM",EP agonist,,,,,,,,,,,,,,,,,,,,,,,,,,,,,,,,,,,,,,,,,,,,,,,,,,,,,,,,,,,,,,,,,,,,,,,,,,,,,,,,,,,,
"Trusted, Agents, Prostaglandin E2, BSK-C016173, 1111.1 nM",EP agonist,,,,,,,,,,,,,,,,,,,,,,,,,,,,,,,,,,,,,,,,,,,,,,,,,,,,,,,,,,,,,,,,,,,,,,,,,,,,,,,,,,,,
"Trusted, Agents, Prostaglandin E2, BSK-C016173, 3333.3 nM",EP agonist,,,,,,,,,,,,,,,,,,,,,,,,,,,,,,,,,,,,,,,,,,,,,,,,,,,,,,,,,,,,,,,,,,,,,,,,,,,,,,,,,,,,
"Trusted, Agents, Prostaglandin E2, BSK-C016173, 370.4 nM",EP agonist,,,,,,,,,,,,,,,,,,,,,,,,,,,,,,,,,,,,,,,,,,,,,,,,,,,,,,,,,,,,,,,,,,,,,,,,,,,,,,,,,,,,
"Trusted, Agents, 17alpha-Ethynylestradiol, BSK-C016173, 13333.3 nM",ER agonist,,,,,,,,,,,,,,,,,,,,,,,,,,,,,,,,,,,,,,,,,,,,,,,,,,,,,,,,,,,,,,,,,,,,,,,,,,,,,,,,,,,,
"Trusted, Agents, 17alpha-Ethynylestradiol, BSK-C016173, 40000 nM",ER agonist,,,,,,,,,,,,,,,,,,,,,,,,,,,,,,,,,,,,,,,,,,,,,,,,,,,,,,,,,,,,,,,,,,,,,,,,,,,,,,,,,,,,
"Trusted, Agents, 17beta-Estradiol, BSK-C016173, 10000 nM",ER agonist,,,,,,,,,,,,,,,,,,,,,,,,,,,,,,,,,,,,,,,,,,,,,,,,,,,,,,,,,,,,,,,,,,,,,,,,,,,,,,,,,,,,
"Trusted, Agents, 17beta-Estradiol, BSK-C016173, 18356 nM",ER agonist,,,,,,,,,,,,,,,,,,,,,,,,,,,,,,,,,,,,,,,,,,,,,,,,,,,,,,,,,,,,,,,,,,,,,,,,,,,,,,,,,,,,
"Trusted, Agents, 17beta-Estradiol, BSK-C016173, 30000 nM",ER agonist,,,,,,,,,,,,,,,,,,,,,,,,,,,,,,,,,,,,,,,,,,,,,,,,,,,,,,,,,,,,,,,,,,,,,,,,,,,,,,,,,,,,
"Trusted, Agents, Budesonide, BSK-C016173, 1111.1 nM",GR agonist,,,,,,,,,,,,,,,,,,,,,,,,,,,,,,,,,,,,,,,,,,,,,,,,,,,,,,,,,,,,,,,,,,,,,,,,,,,,,,,,,,,,
"Trusted, Agents, Budesonide, BSK-C016173, 123.5 nM",GR agonist,,,,,,,,,,,,,,,,,,,,,,,,,,,,,,,,,,,,,,,,,,,,,,,,,,,,,,,,,,,,,,,,,,,,,,,,,,,,,,,,,,,,
"Trusted, Agents, Budesonide, BSK-C016173, 3333.3 nM",GR agonist,,,,,,,,,,,,,,,,,,,,,,,,,,,,,,,,,,,,,,,,,,,,,,,,,,,,,,,,,,,,,,,,,,,,,,,,,,,,,,,,,,,,
"Trusted, Agents, Budesonide, BSK-C016173, 370.4 nM",GR agonist,,,,,,,,,,,,,,,,,,,,,,,,,,,,,,,,,,,,,,,,,,,,,,,,,,,,,,,,,,,,,,,,,,,,,,,,,,,,,,,,,,,,
"Trusted, Agents, Dexamethasone, BSK-C016173, 1111.1 nM",GR agonist,,,,,,,,,,,,,,,,,,,,,,,,,,,,,,,,,,,,,,,,,,,,,,,,,,,,,,,,,,,,,,,,,,,,,,,,,,,,,,,,,,,,
"Trusted, Agents, Dexamethasone, BSK-C016173, 123.5 nM",GR agonist,,,,,,,,,,,,,,,,,,,,,,,,,,,,,,,,,,,,,,,,,,,,,,,,,,,,,,,,,,,,,,,,,,,,,,,,,,,,,,,,,,,,
"Trusted, Agents, Dexamethasone, BSK-C016173, 370.4 nM",GR agonist,,,,,,,,,,,,,,,,,,,,,,,,,,,,,,,,,,,,,,,,,,,,,,,,,,,,,,,,,,,,,,,,,,,,,,,,,,,,,,,,,,,,
"Trusted, Agents, Dexamethasone, BSK-C016173, 41.2 nM",GR agonist,,,,,,,,,,,,,,,,,,,,,,,,,,,,,,,,,,,,,,,,,,,,,,,,,,,,,,,,,,,,,,,,,,,,,,,,,,,,,,,,,,,,
"Trusted, Agents, Hydrocortisone, BSK-C016173, 10000 nM",GR agonist,,,,,,,,,,,,,,,,,,,,,,,,,,,,,,,,,,,,,,,,,,,,,,,,,,,,,,,,,,,,,,,,,,,,,,,,,,,,,,,,,,,,
"Trusted, Agents, Hydrocortisone, BSK-C016173, 30000 nM",GR agonist,,,,,,,,,,,,,,,,,,,,,,,,,,,,,,,,,,,,,,,,,,,,,,,,,,,,,,,,,,,,,,,,,,,,,,,,,,,,,,,,,,,,
"Trusted, Agents, Hydrocortisone, BSK-C016173, 3333.3 nM",GR agonist,,,,,,,,,,,,,,,,,,,,,,,,,,,,,,,,,,,,,,,,,,,,,,,,,,,,,,,,,,,,,,,,,,,,,,,,,,,,,,,,,,,,
"Trusted, Agents, Hydrocortisone, BSK-C016173, 90000 nM",GR agonist,,,,,,,,,,,,,,,,,,,,,,,,,,,,,,,,,,,,,,,,,,,,,,,,,,,,,,,,,,,,,,,,,,,,,,,,,,,,,,,,,,,,
"Trusted, Agents, Prednisolone, BSK-C016173, 10000 nM",GR agonist,,,,,,,,,,,,,,,,,,,,,,,,,,,,,,,,,,,,,,,,,,,,,,,,,,,,,,,,,,,,,,,,,,,,,,,,,,,,,,,,,,,,
"Trusted, Agents, Prednisolone, BSK-C016173, 1111.1 nM",GR agonist,,,,,,,,,,,,,,,,,,,,,,,,,,,,,,,,,,,,,,,,,,,,,,,,,,,,,,,,,,,,,,,,,,,,,,,,,,,,,,,,,,,,
"Trusted, Agents, Prednisolone, BSK-C016173, 3333.3 nM",GR agonist,,,,,,,,,,,,,,,,,,,,,,,,,,,,,,,,,,,,,,,,,,,,,,,,,,,,,,,,,,,,,,,,,,,,,,,,,,,,,,,,,,,,
"Trusted, Agents, Prednisolone, BSK-C016173, 370.4 nM",GR agonist,,,,,,,,,,,,,,,,,,,,,,,,,,,,,,,,,,,,,,,,,,,,,,,,,,,,,,,,,,,,,,,,,,,,,,,,,,,,,,,,,,,,
"Trusted, Agents, Astemizole, BSK-C016173, 1851.9 nM",H1 antagonist,,,,,,,,,,,,,,,,,,,,,,,,,,,,,,,,,,,,,,,,,,,,,,,,,,,,,,,,,,,,,,,,,,,,,,,,,,,,,,,,,,,,
"Trusted, Agents, Astemizole, BSK-C016173, 205.8 nM",H1 antagonist,,,,,,,,,,,,,,,,,,,,,,,,,,,,,,,,,,,,,,,,,,,,,,,,,,,,,,,,,,,,,,,,,,,,,,,,,,,,,,,,,,,,
"Trusted, Agents, Astemizole, BSK-C016173, 617.3 nM",H1 antagonist,,,,,,,,,,,,,,,,,,,,,,,,,,,,,,,,,,,,,,,,,,,,,,,,,,,,,,,,,,,,,,,,,,,,,,,,,,,,,,,,,,,,
"Trusted, Agents, Astemizole, BSK-C016173, 68.6 nM",H1 antagonist,,,,,,,,,,,,,,,,,,,,,,,,,,,,,,,,,,,,,,,,,,,,,,,,,,,,,,,,,,,,,,,,,,,,,,,,,,,,,,,,,,,,
"Trusted, Agents, Ketotifen Fumarate, BSK-C016173, 2777.8 nM",H1 antagonist,,,,,,,,,,,,,,,,,,,,,,,,,,,,,,,,,,,,,,,,,,,,,,,,,,,,,,,,,,,,,,,,,,,,,,,,,,,,,,,,,,,,
"Trusted, Agents, Ketotifen Fumarate, BSK-C016173, 8333.3 nM",H1 antagonist,,,,,,,,,,,,,,,,,,,,,,,,,,,,,,,,,,,,,,,,,,,,,,,,,,,,,,,,,,,,,,,,,,,,,,,,,,,,,,,,,,,,
"Trusted, Agents, Ketotifen Fumarate, BSK-C016173, 925.9 nM",H1 antagonist,,,,,,,,,,,,,,,,,,,,,,,,,,,,,,,,,,,,,,,,,,,,,,,,,,,,,,,,,,,,,,,,,,,,,,,,,,,,,,,,,,,,
"Trusted, Agents, trans-Triprolidine, BSK-C016173, 22222.2 nM",H1 antagonist,,,,,,,,,,,,,,,,,,,,,,,,,,,,,,,,,,,,,,,,,,,,,,,,,,,,,,,,,,,,,,,,,,,,,,,,,,,,,,,,,,,,
"Trusted, Agents, trans-Triprolidine, BSK-C016173, 66666.7 nM",H1 antagonist,,,,,,,,,,,,,,,,,,,,,,,,,,,,,,,,,,,,,,,,,,,,,,,,,,,,,,,,,,,,,,,,,,,,,,,,,,,,,,,,,,,,
"Trusted, Agents, trans-Triprolidine, BSK-C016173, 7407.4 nM",H1 antagonist,,,,,,,,,,,,,,,,,,,,,,,,,,,,,,,,,,,,,,,,,,,,,,,,,,,,,,,,,,,,,,,,,,,,,,,,,,,,,,,,,,,,
"Trusted, Agents, M344, BSK-C016173, 1111.1 nM",HDAC inhibitor,,,,,,,,,,,,,,,,,,,,,,,,,,,,,,,,,,,,,,,,,,,,,,,,,,,,,,,,,,,,,,,,,,,,,,,,,,,,,,,,,,,,
"Trusted, Agents, M344, BSK-C016173, 3333.3 nM",HDAC inhibitor,,,,,,,,,,,,,,,,,,,,,,,,,,,,,,,,,,,,,,,,,,,,,,,,,,,,,,,,,,,,,,,,,,,,,,,,,,,,,,,,,,,,
"Trusted, Agents, Scriptaid, BSK-C016173, 1111.1 nM",HDAC inhibitor,,,,,,,,,,,,,,,,,,,,,,,,,,,,,,,,,,,,,,,,,,,,,,,,,,,,,,,,,,,,,,,,,,,,,,,,,,,,,,,,,,,,
"Trusted, Agents, Scriptaid, BSK-C016173, 370.4 nM",HDAC inhibitor,,,,,,,,,,,,,,,,,,,,,,,,,,,,,,,,,,,,,,,,,,,,,,,,,,,,,,,,,,,,,,,,,,,,,,,,,,,,,,,,,,,,
"Trusted, Agents, Trichostatin A, BSK-C016173, 1111.1 nM",HDAC inhibitor,,,,,,,,,,,,,,,,,,,,,,,,,,,,,,,,,,,,,,,,,,,,,,,,,,,,,,,,,,,,,,,,,,,,,,,,,,,,,,,,,,,,
"Trusted, Agents, Trichostatin A, BSK-C016173, 3333.3 nM",HDAC inhibitor,,,,,,,,,,,,,,,,,,,,,,,,,,,,,,,,,,,,,,,,,,,,,,,,,,,,,,,,,,,,,,,,,,,,,,,,,,,,,,,,,,,,
"Trusted, Agents, Trichostatin A, BSK-C016173, 370.4 nM",HDAC inhibitor,,,,,,,,,,,,,,,,,,,,,,,,,,,,,,,,,,,,,,,,,,,,,,,,,,,,,,,,,,,,,,,,,,,,,,,,,,,,,,,,,,,,
"Trusted, Agents, Vorinostat, BSK-C016173, 10000 nM",HDAC inhibitor,,,,,,,,,,,,,,,,,,,,,,,,,,,,,,,,,,,,,,,,,,,,,,,,,,,,,,,,,,,,,,,,,,,,,,,,,,,,,,,,,,,,
"Trusted, Agents, Vorinostat, BSK-C016173, 1111.1 nM",HDAC inhibitor,,,,,,,,,,,,,,,,,,,,,,,,,,,,,,,,,,,,,,,,,,,,,,,,,,,,,,,,,,,,,,,,,,,,,,,,,,,,,,,,,,,,
"Trusted, Agents, Vorinostat, BSK-C016173, 3333.3 nM",HDAC inhibitor,,,,,,,,,,,,,,,,,,,,,,,,,,,,,,,,,,,,,,,,,,,,,,,,,,,,,,,,,,,,,,,,,,,,,,,,,,,,,,,,,,,,
"Trusted, Agents, Atorvastatin, BSK-C016173, 1111.1 nM",HMG-CoA reductase inhibitor,,,,,,,,,,,,,,,,,,,,,,,,,,,,,,,,,,,,,,,,,,,,,,,,,,,,,,,,,,,,,,,,,,,,,,,,,,,,,,,,,,,,
"Trusted, Agents, Atorvastatin, BSK-C016173, 3333.3 nM",HMG-CoA reductase inhibitor,,,,,,,,,,,,,,,,,,,,,,,,,,,,,,,,,,,,,,,,,,,,,,,,,,,,,,,,,,,,,,,,,,,,,,,,,,,,,,,,,,,,
"Trusted, Agents, Atorvastatin, BSK-C016173, 370.4 nM",HMG-CoA reductase inhibitor,,,,,,,,,,,,,,,,,,,,,,,,,,,,,,,,,,,,,,,,,,,,,,,,,,,,,,,,,,,,,,,,,,,,,,,,,,,,,,,,,,,,
"Trusted, Agents, Cerivastatin, BSK-C016173, 1111.1 nM",HMG-CoA reductase inhibitor,,,,,,,,,,,,,,,,,,,,,,,,,,,,,,,,,,,,,,,,,,,,,,,,,,,,,,,,,,,,,,,,,,,,,,,,,,,,,,,,,,,,
"Trusted, Agents, Cerivastatin, BSK-C016173, 123.5 nM",HMG-CoA reductase inhibitor,,,,,,,,,,,,,,,,,,,,,,,,,,,,,,,,,,,,,,,,,,,,,,,,,,,,,,,,,,,,,,,,,,,,,,,,,,,,,,,,,,,,
"Trusted, Agents, Cerivastatin, BSK-C016173, 3333.3 nM",HMG-CoA reductase inhibitor,,,,,,,,,,,,,,,,,,,,,,,,,,,,,,,,,,,,,,,,,,,,,,,,,,,,,,,,,,,,,,,,,,,,,,,,,,,,,,,,,,,,
"Trusted, Agents, Cerivastatin, BSK-C016173, 370.4 nM",HMG-CoA reductase inhibitor,,,,,,,,,,,,,,,,,,,,,,,,,,,,,,,,,,,,,,,,,,,,,,,,,,,,,,,,,,,,,,,,,,,,,,,,,,,,,,,,,,,,
"Trusted, Agents, Cerivastatin, BSK-C016173, 41.2 nM",HMG-CoA reductase inhibitor,,,,,,,,,,,,,,,,,,,,,,,,,,,,,,,,,,,,,,,,,,,,,,,,,,,,,,,,,,,,,,,,,,,,,,,,,,,,,,,,,,,,
"Trusted, Agents, Fluvastatin, BSK-C016173, 10000 nM",HMG-CoA reductase inhibitor,,,,,,,,,,,,,,,,,,,,,,,,,,,,,,,,,,,,,,,,,,,,,,,,,,,,,,,,,,,,,,,,,,,,,,,,,,,,,,,,,,,,
"Trusted, Agents, Fluvastatin, BSK-C016173, 1111.1 nM",HMG-CoA reductase inhibitor,,,,,,,,,,,,,,,,,,,,,,,,,,,,,,,,,,,,,,,,,,,,,,,,,,,,,,,,,,,,,,,,,,,,,,,,,,,,,,,,,,,,
"Trusted, Agents, Fluvastatin, BSK-C016173, 3333.3 nM",HMG-CoA reductase inhibitor,,,,,,,,,,,,,,,,,,,,,,,,,,,,,,,,,,,,,,,,,,,,,,,,,,,,,,,,,,,,,,,,,,,,,,,,,,,,,,,,,,,,
"Trusted, Agents, Lovastatin, BSK-C016173, 1111.1 nM",HMG-CoA reductase inhibitor,,,,,,,,,,,,,,,,,,,,,,,,,,,,,,,,,,,,,,,,,,,,,,,,,,,,,,,,,,,,,,,,,,,,,,,,,,,,,,,,,,,,
"Trusted, Agents, Lovastatin, BSK-C016173, 13333.3 nM",HMG-CoA reductase inhibitor,,,,,,,,,,,,,,,,,,,,,,,,,,,,,,,,,,,,,,,,,,,,,,,,,,,,,,,,,,,,,,,,,,,,,,,,,,,,,,,,,,,,
"Trusted, Agents, Lovastatin, BSK-C016173, 1481.5 nM",HMG-CoA reductase inhibitor,,,,,,,,,,,,,,,,,,,,,,,,,,,,,,,,,,,,,,,,,,,,,,,,,,,,,,,,,,,,,,,,,,,,,,,,,,,,,,,,,,,,
"Trusted, Agents, Lovastatin, BSK-C016173, 3333.3 nM",HMG-CoA reductase inhibitor,,,,,,,,,,,,,,,,,,,,,,,,,,,,,,,,,,,,,,,,,,,,,,,,,,,,,,,,,,,,,,,,,,,,,,,,,,,,,,,,,,,,
"Trusted, Agents, Lovastatin, BSK-C016173, 4444.4 nM",HMG-CoA reductase inhibitor,,,,,,,,,,,,,,,,,,,,,,,,,,,,,,,,,,,,,,,,,,,,,,,,,,,,,,,,,,,,,,,,,,,,,,,,,,,,,,,,,,,,
"Trusted, Agents, Mevastatin, BSK-C016173, 1111.1 nM",HMG-CoA reductase inhibitor,,,,,,,,,,,,,,,,,,,,,,,,,,,,,,,,,,,,,,,,,,,,,,,,,,,,,,,,,,,,,,,,,,,,,,,,,,,,,,,,,,,,
"Trusted, Agents, Mevastatin, BSK-C016173, 3333.3 nM",HMG-CoA reductase inhibitor,,,,,,,,,,,,,,,,,,,,,,,,,,,,,,,,,,,,,,,,,,,,,,,,,,,,,,,,,,,,,,,,,,,,,,,,,,,,,,,,,,,,
"Trusted, Agents, Mevastatin, BSK-C016173, 370.4 nM",HMG-CoA reductase inhibitor,,,,,,,,,,,,,,,,,,,,,,,,,,,,,,,,,,,,,,,,,,,,,,,,,,,,,,,,,,,,,,,,,,,,,,,,,,,,,,,,,,,,
"Trusted, Agents, Rosuvastatin, BSK-C016173, 10000 nM",HMG-CoA reductase inhibitor,,,,,,,,,,,,,,,,,,,,,,,,,,,,,,,,,,,,,,,,,,,,,,,,,,,,,,,,,,,,,,,,,,,,,,,,,,,,,,,,,,,,
"Trusted, Agents, Rosuvastatin, BSK-C016173, 3333.3 nM",HMG-CoA reductase inhibitor,,,,,,,,,,,,,,,,,,,,,,,,,,,,,,,,,,,,,,,,,,,,,,,,,,,,,,,,,,,,,,,,,,,,,,,,,,,,,,,,,,,,
"Trusted, Agents, Simvastatin, BSK-C016173, 1111.1 nM",HMG-CoA reductase inhibitor,,,,,,,,,,,,,,,,,,,,,,,,,,,,,,,,,,,,,,,,,,,,,,,,,,,,,,,,,,,,,,,,,,,,,,,,,,,,,,,,,,,,
"Trusted, Agents, Simvastatin, BSK-C016173, 1481.5 nM",HMG-CoA reductase inhibitor,,,,,,,,,,,,,,,,,,,,,,,,,,,,,,,,,,,,,,,,,,,,,,,,,,,,,,,,,,,,,,,,,,,,,,,,,,,,,,,,,,,,
"Trusted, Agents, Simvastatin, BSK-C016173, 3333.3 nM",HMG-CoA reductase inhibitor,,,,,,,,,,,,,,,,,,,,,,,,,,,,,,,,,,,,,,,,,,,,,,,,,,,,,,,,,,,,,,,,,,,,,,,,,,,,,,,,,,,,
"Trusted, Agents, Simvastatin, BSK-C016173, 4444.4 nM",HMG-CoA reductase inhibitor,,,,,,,,,,,,,,,,,,,,,,,,,,,,,,,,,,,,,,,,,,,,,,,,,,,,,,,,,,,,,,,,,,,,,,,,,,,,,,,,,,,,
"Trusted, Agents, 17-AAG, BSK-C016173, 1111.1 nM",Hsp90 inhibitor,,,,,,,,,,,,,,,,,,,,,,,,,,,,,,,,,,,,,,,,,,,,,,,,,,,,,,,,,,,,,,,,,,,,,,,,,,,,,,,,,,,,
"Trusted, Agents, 17-AAG, BSK-C016173, 3333.3 nM",Hsp90 inhibitor,,,,,,,,,,,,,,,,,,,,,,,,,,,,,,,,,,,,,,,,,,,,,,,,,,,,,,,,,,,,,,,,,,,,,,,,,,,,,,,,,,,,
"Trusted, Agents, 17-AAG, BSK-C016173, 370.4 nM",Hsp90 inhibitor,,,,,,,,,,,,,,,,,,,,,,,,,,,,,,,,,,,,,,,,,,,,,,,,,,,,,,,,,,,,,,,,,,,,,,,,,,,,,,,,,,,,
"Trusted, Agents, Geldanamycin, BSK-C016173, 1111.1 nM",Hsp90 inhibitor,,,,,,,,,,,,,,,,,,,,,,,,,,,,,,,,,,,,,,,,,,,,,,,,,,,,,,,,,,,,,,,,,,,,,,,,,,,,,,,,,,,,
"Trusted, Agents, Geldanamycin, BSK-C016173, 3333.3 nM",Hsp90 inhibitor,,,,,,,,,,,,,,,,,,,,,,,,,,,,,,,,,,,,,,,,,,,,,,,,,,,,,,,,,,,,,,,,,,,,,,,,,,,,,,,,,,,,
"Trusted, Agents, Geldanamycin, BSK-C016173, 370.4 nM",Hsp90 inhibitor,,,,,,,,,,,,,,,,,,,,,,,,,,,,,,,,,,,,,,,,,,,,,,,,,,,,,,,,,,,,,,,,,,,,,,,,,,,,,,,,,,,,
"Trusted, Agents, Radicicol, BSK-C016173, 1111.1 nM",Hsp90 inhibitor,,,,,,,,,,,,,,,,,,,,,,,,,,,,,,,,,,,,,,,,,,,,,,,,,,,,,,,,,,,,,,,,,,,,,,,,,,,,,,,,,,,,
"Trusted, Agents, Radicicol, BSK-C016173, 3333.3 nM",Hsp90 inhibitor,,,,,,,,,,,,,,,,,,,,,,,,,,,,,,,,,,,,,,,,,,,,,,,,,,,,,,,,,,,,,,,,,,,,,,,,,,,,,,,,,,,,
"Trusted, Agents, Radicicol, BSK-C016173, 370.4 nM",Hsp90 inhibitor,,,,,,,,,,,,,,,,,,,,,,,,,,,,,,,,,,,,,,,,,,,,,,,,,,,,,,,,,,,,,,,,,,,,,,,,,,,,,,,,,,,,
"Trusted, Agents, IKK 16, BSK-C016173, 1111.1 nM",IKK2 inhibitor,,,,,,,,,,,,,,,,,,,,,,,,,,,,,,,,,,,,,,,,,,,,,,,,,,,,,,,,,,,,,,,,,,,,,,,,,,,,,,,,,,,,
"Trusted, Agents, IKK 16, BSK-C016173, 370.4 nM",IKK2 inhibitor,,,,,,,,,,,,,,,,,,,,,,,,,,,,,,,,,,,,,,,,,,,,,,,,,,,,,,,,,,,,,,,,,,,,,,,,,,,,,,,,,,,,
"Trusted, Agents, IKK-2 Inhibitor IV, BSK-C016173, 1111.1 nM",IKK2 inhibitor,,,,,,,,,,,,,,,,,,,,,,,,,,,,,,,,,,,,,,,,,,,,,,,,,,,,,,,,,,,,,,,,,,,,,,,,,,,,,,,,,,,,
"Trusted, Agents, IKK-2 Inhibitor IV, BSK-C016173, 370.4 nM",IKK2 inhibitor,,,,,,,,,,,,,,,,,,,,,,,,,,,,,,,,,,,,,,,,,,,,,,,,,,,,,,,,,,,,,,,,,,,,,,,,,,,,,,,,,,,,
"Trusted, Agents, PHA-408, BSK-C016173, 10000 nM",IKK2 inhibitor,,,,,,,,,,,,,,,,,,,,,,,,,,,,,,,,,,,,,,,,,,,,,,,,,,,,,,,,,,,,,,,,,,,,,,,,,,,,,,,,,,,,
"Trusted, Agents, PHA-408, BSK-C016173, 1111.1 nM",IKK2 inhibitor,,,,,,,,,,,,,,,,,,,,,,,,,,,,,,,,,,,,,,,,,,,,,,,,,,,,,,,,,,,,,,,,,,,,,,,,,,,,,,,,,,,,
"Trusted, Agents, PHA-408, BSK-C016173, 3333.3 nM",IKK2 inhibitor,,,,,,,,,,,,,,,,,,,,,,,,,,,,,,,,,,,,,,,,,,,,,,,,,,,,,,,,,,,,,,,,,,,,,,,,,,,,,,,,,,,,
"Trusted, Agents, SC-514, BSK-C016173, 16666.7 nM",IKK2 inhibitor,,,,,,,,,,,,,,,,,,,,,,,,,,,,,,,,,,,,,,,,,,,,,,,,,,,,,,,,,,,,,,,,,,,,,,,,,,,,,,,,,,,,
"Trusted, Agents, SC-514, BSK-C016173, 50000 nM",IKK2 inhibitor,,,,,,,,,,,,,,,,,,,,,,,,,,,,,,,,,,,,,,,,,,,,,,,,,,,,,,,,,,,,,,,,,,,,,,,,,,,,,,,,,,,,
"Trusted, Agents, IL-17, BSK-C016173, 0.37 nM",IL-17R agonist,,,,,,,,,,,,,,,,,,,,,,,,,,,,,,,,,,,,,,,,,,,,,,,,,,,,,,,,,,,,,,,,,,,,,,,,,,,,,,,,,,,,
"Trusted, Agents, IL-17, BSK-C016173, 1.1 nM",IL-17R agonist,,,,,,,,,,,,,,,,,,,,,,,,,,,,,,,,,,,,,,,,,,,,,,,,,,,,,,,,,,,,,,,,,,,,,,,,,,,,,,,,,,,,
"Trusted, Agents, IL-17, BSK-C016173, 10 nM",IL-17R agonist,,,,,,,,,,,,,,,,,,,,,,,,,,,,,,,,,,,,,,,,,,,,,,,,,,,,,,,,,,,,,,,,,,,,,,,,,,,,,,,,,,,,
"Trusted, Agents, IL-17, BSK-C016173, 3.3 nM",IL-17R agonist,,,,,,,,,,,,,,,,,,,,,,,,,,,,,,,,,,,,,,,,,,,,,,,,,,,,,,,,,,,,,,,,,,,,,,,,,,,,,,,,,,,,
"Trusted, Agents, IL-17A, BSK-C016173, 0.37 nM",IL-17R agonist,,,,,,,,,,,,,,,,,,,,,,,,,,,,,,,,,,,,,,,,,,,,,,,,,,,,,,,,,,,,,,,,,,,,,,,,,,,,,,,,,,,,
"Trusted, Agents, IL-17A, BSK-C016173, 1.1 nM",IL-17R agonist,,,,,,,,,,,,,,,,,,,,,,,,,,,,,,,,,,,,,,,,,,,,,,,,,,,,,,,,,,,,,,,,,,,,,,,,,,,,,,,,,,,,
"Trusted, Agents, IL-17A, BSK-C016173, 10 nM",IL-17R agonist,,,,,,,,,,,,,,,,,,,,,,,,,,,,,,,,,,,,,,,,,,,,,,,,,,,,,,,,,,,,,,,,,,,,,,,,,,,,,,,,,,,,
"Trusted, Agents, IL-17A, BSK-C016173, 3.3 nM",IL-17R agonist,,,,,,,,,,,,,,,,,,,,,,,,,,,,,,,,,,,,,,,,,,,,,,,,,,,,,,,,,,,,,,,,,,,,,,,,,,,,,,,,,,,,
"Trusted, Agents, CP-690550, BSK-C016173, 10000 nM",JAK inhibitor,,,,,,,,,,,,,,,,,,,,,,,,,,,,,,,,,,,,,,,,,,,,,,,,,,,,,,,,,,,,,,,,,,,,,,,,,,,,,,,,,,,,
"Trusted, Agents, CP-690550, BSK-C016173, 3333.3 nM",JAK inhibitor,,,,,,,,,,,,,,,,,,,,,,,,,,,,,,,,,,,,,,,,,,,,,,,,,,,,,,,,,,,,,,,,,,,,,,,,,,,,,,,,,,,,
"Trusted, Agents, INCB-018424, BSK-C016173, 10000 nM",JAK inhibitor,,,,,,,,,,,,,,,,,,,,,,,,,,,,,,,,,,,,,,,,,,,,,,,,,,,,,,,,,,,,,,,,,,,,,,,,,,,,,,,,,,,,
"Trusted, Agents, INCB-018424, BSK-C016173, 1111.1 nM",JAK inhibitor,,,,,,,,,,,,,,,,,,,,,,,,,,,,,,,,,,,,,,,,,,,,,,,,,,,,,,,,,,,,,,,,,,,,,,,,,,,,,,,,,,,,
"Trusted, Agents, INCB-018424, BSK-C016173, 3333.3 nM",JAK inhibitor,,,,,,,,,,,,,,,,,,,,,,,,,,,,,,,,,,,,,,,,,,,,,,,,,,,,,,,,,,,,,,,,,,,,,,,,,,,,,,,,,,,,
"Trusted, Agents, INCB-018424, BSK-C016173, 370.4 nM",JAK inhibitor,,,,,,,,,,,,,,,,,,,,,,,,,,,,,,,,,,,,,,,,,,,,,,,,,,,,,,,,,,,,,,,,,,,,,,,,,,,,,,,,,,,,
"Trusted, Agents, JAK Inhibitor 1, BSK-C016173, 1000 nM",JAK inhibitor,,,,,,,,,,,,,,,,,,,,,,,,,,,,,,,,,,,,,,,,,,,,,,,,,,,,,,,,,,,,,,,,,,,,,,,,,,,,,,,,,,,,
"Trusted, Agents, JAK Inhibitor 1, BSK-C016173, 333.3 nM",JAK inhibitor,,,,,,,,,,,,,,,,,,,,,,,,,,,,,,,,,,,,,,,,,,,,,,,,,,,,,,,,,,,,,,,,,,,,,,,,,,,,,,,,,,,,
"Trusted, Agents, PD098059, BSK-C016173, 10000 nM",MEK inhibitor,,,,,,,,,,,,,,,,,,,,,,,,,,,,,,,,,,,,,,,,,,,,,,,,,,,,,,,,,,,,,,,,,,,,,,,,,,,,,,,,,,,,
"Trusted, Agents, PD098059, BSK-C016173, 30000 nM",MEK inhibitor,,,,,,,,,,,,,,,,,,,,,,,,,,,,,,,,,,,,,,,,,,,,,,,,,,,,,,,,,,,,,,,,,,,,,,,,,,,,,,,,,,,,
"Trusted, Agents, PD184352, BSK-C016173, 1111.1 nM",MEK inhibitor,,,,,,,,,,,,,,,,,,,,,,,,,,,,,,,,,,,,,,,,,,,,,,,,,,,,,,,,,,,,,,,,,,,,,,,,,,,,,,,,,,,,
"Trusted, Agents, PD184352, BSK-C016173, 3333.3 nM",MEK inhibitor,,,,,,,,,,,,,,,,,,,,,,,,,,,,,,,,,,,,,,,,,,,,,,,,,,,,,,,,,,,,,,,,,,,,,,,,,,,,,,,,,,,,
"Trusted, Agents, PD184352, BSK-C016173, 370.4 nM",MEK inhibitor,,,,,,,,,,,,,,,,,,,,,,,,,,,,,,,,,,,,,,,,,,,,,,,,,,,,,,,,,,,,,,,,,,,,,,,,,,,,,,,,,,,,
"Trusted, Agents, SL 327, BSK-C016173, 10000 nM",MEK inhibitor,,,,,,,,,,,,,,,,,,,,,,,,,,,,,,,,,,,,,,,,,,,,,,,,,,,,,,,,,,,,,,,,,,,,,,,,,,,,,,,,,,,,
"Trusted, Agents, SL 327, BSK-C016173, 1111.1 nM",MEK inhibitor,,,,,,,,,,,,,,,,,,,,,,,,,,,,,,,,,,,,,,,,,,,,,,,,,,,,,,,,,,,,,,,,,,,,,,,,,,,,,,,,,,,,
"Trusted, Agents, SL 327, BSK-C016173, 30000 nM",MEK inhibitor,,,,,,,,,,,,,,,,,,,,,,,,,,,,,,,,,,,,,,,,,,,,,,,,,,,,,,,,,,,,,,,,,,,,,,,,,,,,,,,,,,,,
"Trusted, Agents, SL 327, BSK-C016173, 3333.3 nM",MEK inhibitor,,,,,,,,,,,,,,,,,,,,,,,,,,,,,,,,,,,,,,,,,,,,,,,,,,,,,,,,,,,,,,,,,,,,,,,,,,,,,,,,,,,,
"Trusted, Agents, UO126, BSK-C016173, 10000 nM",MEK inhibitor,,,,,,,,,,,,,,,,,,,,,,,,,,,,,,,,,,,,,,,,,,,,,,,,,,,,,,,,,,,,,,,,,,,,,,,,,,,,,,,,,,,,
"Trusted, Agents, UO126, BSK-C016173, 1111.1 nM",MEK inhibitor,,,,,,,,,,,,,,,,,,,,,,,,,,,,,,,,,,,,,,,,,,,,,,,,,,,,,,,,,,,,,,,,,,,,,,,,,,,,,,,,,,,,
"Trusted, Agents, UO126, BSK-C016173, 3333.3 nM",MEK inhibitor,,,,,,,,,,,,,,,,,,,,,,,,,,,,,,,,,,,,,,,,,,,,,,,,,,,,,,,,,,,,,,,,,,,,,,,,,,,,,,,,,,,,
"Trusted, Agents, Colchicine, BSK-C016173, 1111.1 nM",Microtubule disruptor,,,,,,,,,,,,,,,,,,,,,,,,,,,,,,,,,,,,,,,,,,,,,,,,,,,,,,,,,,,,,,,,,,,,,,,,,,,,,,,,,,,,
"Trusted, Agents, Colchicine, BSK-C016173, 123.5 nM",Microtubule disruptor,,,,,,,,,,,,,,,,,,,,,,,,,,,,,,,,,,,,,,,,,,,,,,,,,,,,,,,,,,,,,,,,,,,,,,,,,,,,,,,,,,,,
"Trusted, Agents, Colchicine, BSK-C016173, 13333.3 nM",Microtubule disruptor,,,,,,,,,,,,,,,,,,,,,,,,,,,,,,,,,,,,,,,,,,,,,,,,,,,,,,,,,,,,,,,,,,,,,,,,,,,,,,,,,,,,
"Trusted, Agents, Colchicine, BSK-C016173, 1481.5 nM",Microtubule disruptor,,,,,,,,,,,,,,,,,,,,,,,,,,,,,,,,,,,,,,,,,,,,,,,,,,,,,,,,,,,,,,,,,,,,,,,,,,,,,,,,,,,,
"Trusted, Agents, Colchicine, BSK-C016173, 3333.3 nM",Microtubule disruptor,,,,,,,,,,,,,,,,,,,,,,,,,,,,,,,,,,,,,,,,,,,,,,,,,,,,,,,,,,,,,,,,,,,,,,,,,,,,,,,,,,,,
"Trusted, Agents, Colchicine, BSK-C016173, 370.4 nM",Microtubule disruptor,,,,,,,,,,,,,,,,,,,,,,,,,,,,,,,,,,,,,,,,,,,,,,,,,,,,,,,,,,,,,,,,,,,,,,,,,,,,,,,,,,,,
"Trusted, Agents, Colchicine, BSK-C016173, 40000 nM",Microtubule disruptor,,,,,,,,,,,,,,,,,,,,,,,,,,,,,,,,,,,,,,,,,,,,,,,,,,,,,,,,,,,,,,,,,,,,,,,,,,,,,,,,,,,,
"Trusted, Agents, Picropodophyllin, BSK-C016173, 10000 nM",Microtubule disruptor,,,,,,,,,,,,,,,,,,,,,,,,,,,,,,,,,,,,,,,,,,,,,,,,,,,,,,,,,,,,,,,,,,,,,,,,,,,,,,,,,,,,
"Trusted, Agents, Picropodophyllin, BSK-C016173, 1111.1 nM",Microtubule disruptor,,,,,,,,,,,,,,,,,,,,,,,,,,,,,,,,,,,,,,,,,,,,,,,,,,,,,,,,,,,,,,,,,,,,,,,,,,,,,,,,,,,,
"Trusted, Agents, Picropodophyllin, BSK-C016173, 3333.3 nM",Microtubule disruptor,,,,,,,,,,,,,,,,,,,,,,,,,,,,,,,,,,,,,,,,,,,,,,,,,,,,,,,,,,,,,,,,,,,,,,,,,,,,,,,,,,,,
"Trusted, Agents, Pironetin, BSK-C016173, 1111.1 nM",Microtubule disruptor,,,,,,,,,,,,,,,,,,,,,,,,,,,,,,,,,,,,,,,,,,,,,,,,,,,,,,,,,,,,,,,,,,,,,,,,,,,,,,,,,,,,
"Trusted, Agents, Pironetin, BSK-C016173, 123.5 nM",Microtubule disruptor,,,,,,,,,,,,,,,,,,,,,,,,,,,,,,,,,,,,,,,,,,,,,,,,,,,,,,,,,,,,,,,,,,,,,,,,,,,,,,,,,,,,
"Trusted, Agents, Pironetin, BSK-C016173, 370.4 nM",Microtubule disruptor,,,,,,,,,,,,,,,,,,,,,,,,,,,,,,,,,,,,,,,,,,,,,,,,,,,,,,,,,,,,,,,,,,,,,,,,,,,,,,,,,,,,
"Trusted, Agents, Pironetin, BSK-C016173, 41.2 nM",Microtubule disruptor,,,,,,,,,,,,,,,,,,,,,,,,,,,,,,,,,,,,,,,,,,,,,,,,,,,,,,,,,,,,,,,,,,,,,,,,,,,,,,,,,,,,
"Trusted, Agents, Vincristine Sulfate, BSK-C016173, 1111.1 nM",Microtubule disruptor,,,,,,,,,,,,,,,,,,,,,,,,,,,,,,,,,,,,,,,,,,,,,,,,,,,,,,,,,,,,,,,,,,,,,,,,,,,,,,,,,,,,
"Trusted, Agents, Vincristine Sulfate, BSK-C016173, 123.5 nM",Microtubule disruptor,,,,,,,,,,,,,,,,,,,,,,,,,,,,,,,,,,,,,,,,,,,,,,,,,,,,,,,,,,,,,,,,,,,,,,,,,,,,,,,,,,,,
"Trusted, Agents, Vincristine Sulfate, BSK-C016173, 370.4 nM",Microtubule disruptor,,,,,,,,,,,,,,,,,,,,,,,,,,,,,,,,,,,,,,,,,,,,,,,,,,,,,,,,,,,,,,,,,,,,,,,,,,,,,,,,,,,,
"Trusted, Agents, Vincristine Sulfate, BSK-C016173, 41.2 nM",Microtubule disruptor,,,,,,,,,,,,,,,,,,,,,,,,,,,,,,,,,,,,,,,,,,,,,,,,,,,,,,,,,,,,,,,,,,,,,,,,,,,,,,,,,,,,
"Trusted, Agents, Epothilone B, BSK-C016173, 111.1 nM",Microtubule stabilizer,,,,,,,,,,,,,,,,,,,,,,,,,,,,,,,,,,,,,,,,,,,,,,,,,,,,,,,,,,,,,,,,,,,,,,,,,,,,,,,,,,,,
"Trusted, Agents, Epothilone B, BSK-C016173, 12.3 nM",Microtubule stabilizer,,,,,,,,,,,,,,,,,,,,,,,,,,,,,,,,,,,,,,,,,,,,,,,,,,,,,,,,,,,,,,,,,,,,,,,,,,,,,,,,,,,,
"Trusted, Agents, Epothilone B, BSK-C016173, 333.3 nM",Microtubule stabilizer,,,,,,,,,,,,,,,,,,,,,,,,,,,,,,,,,,,,,,,,,,,,,,,,,,,,,,,,,,,,,,,,,,,,,,,,,,,,,,,,,,,,
"Trusted, Agents, Epothilone B, BSK-C016173, 37 nM",Microtubule stabilizer,,,,,,,,,,,,,,,,,,,,,,,,,,,,,,,,,,,,,,,,,,,,,,,,,,,,,,,,,,,,,,,,,,,,,,,,,,,,,,,,,,,,
"Trusted, Agents, Epothilone B, BSK-C016173, 4.1 nM",Microtubule stabilizer,,,,,,,,,,,,,,,,,,,,,,,,,,,,,,,,,,,,,,,,,,,,,,,,,,,,,,,,,,,,,,,,,,,,,,,,,,,,,,,,,,,,
"Trusted, Agents, Epothilone D, BSK-C016173, 111.1 nM",Microtubule stabilizer,,,,,,,,,,,,,,,,,,,,,,,,,,,,,,,,,,,,,,,,,,,,,,,,,,,,,,,,,,,,,,,,,,,,,,,,,,,,,,,,,,,,
"Trusted, Agents, Epothilone D, BSK-C016173, 12.3 nM",Microtubule stabilizer,,,,,,,,,,,,,,,,,,,,,,,,,,,,,,,,,,,,,,,,,,,,,,,,,,,,,,,,,,,,,,,,,,,,,,,,,,,,,,,,,,,,
"Trusted, Agents, Epothilone D, BSK-C016173, 37 nM",Microtubule stabilizer,,,,,,,,,,,,,,,,,,,,,,,,,,,,,,,,,,,,,,,,,,,,,,,,,,,,,,,,,,,,,,,,,,,,,,,,,,,,,,,,,,,,
"Trusted, Agents, Paclitaxel Prodrug, BSK-C016173, 1111.1 nM",Microtubule stabilizer,,,,,,,,,,,,,,,,,,,,,,,,,,,,,,,,,,,,,,,,,,,,,,,,,,,,,,,,,,,,,,,,,,,,,,,,,,,,,,,,,,,,
"Trusted, Agents, Paclitaxel Prodrug, BSK-C016173, 123.5 nM",Microtubule stabilizer,,,,,,,,,,,,,,,,,,,,,,,,,,,,,,,,,,,,,,,,,,,,,,,,,,,,,,,,,,,,,,,,,,,,,,,,,,,,,,,,,,,,
"Trusted, Agents, Paclitaxel Prodrug, BSK-C016173, 3333.3 nM",Microtubule stabilizer,,,,,,,,,,,,,,,,,,,,,,,,,,,,,,,,,,,,,,,,,,,,,,,,,,,,,,,,,,,,,,,,,,,,,,,,,,,,,,,,,,,,
"Trusted, Agents, Paclitaxel Prodrug, BSK-C016173, 370.4 nM",Microtubule stabilizer,,,,,,,,,,,,,,,,,,,,,,,,,,,,,,,,,,,,,,,,,,,,,,,,,,,,,,,,,,,,,,,,,,,,,,,,,,,,,,,,,,,,
"Trusted, Agents, Paclitaxel, BSK-C016173, 1111.1 nM",Microtubule stabilizer,,,,,,,,,,,,,,,,,,,,,,,,,,,,,,,,,,,,,,,,,,,,,,,,,,,,,,,,,,,,,,,,,,,,,,,,,,,,,,,,,,,,
"Trusted, Agents, Paclitaxel, BSK-C016173, 123.5 nM",Microtubule stabilizer,,,,,,,,,,,,,,,,,,,,,,,,,,,,,,,,,,,,,,,,,,,,,,,,,,,,,,,,,,,,,,,,,,,,,,,,,,,,,,,,,,,,
"Trusted, Agents, Paclitaxel, BSK-C016173, 13.7 nM",Microtubule stabilizer,,,,,,,,,,,,,,,,,,,,,,,,,,,,,,,,,,,,,,,,,,,,,,,,,,,,,,,,,,,,,,,,,,,,,,,,,,,,,,,,,,,,
"Trusted, Agents, Paclitaxel, BSK-C016173, 3333.3 nM",Microtubule stabilizer,,,,,,,,,,,,,,,,,,,,,,,,,,,,,,,,,,,,,,,,,,,,,,,,,,,,,,,,,,,,,,,,,,,,,,,,,,,,,,,,,,,,
"Trusted, Agents, Paclitaxel, BSK-C016173, 370.4 nM",Microtubule stabilizer,,,,,,,,,,,,,,,,,,,,,,,,,,,,,,,,,,,,,,,,,,,,,,,,,,,,,,,,,,,,,,,,,,,,,,,,,,,,,,,,,,,,
"Trusted, Agents, Paclitaxel, BSK-C016173, 41.2 nM",Microtubule stabilizer,,,,,,,,,,,,,,,,,,,,,,,,,,,,,,,,,,,,,,,,,,,,,,,,,,,,,,,,,,,,,,,,,,,,,,,,,,,,,,,,,,,,
"Trusted, Agents, Antimycin A, BSK-C016173, 10000 nM",Mitochondrial inhibitor,,,,,,,,,,,,,,,,,,,,,,,,,,,,,,,,,,,,,,,,,,,,,,,,,,,,,,,,,,,,,,,,,,,,,,,,,,,,,,,,,,,,
"Trusted, Agents, Antimycin A, BSK-C016173, 1111.1 nM",Mitochondrial inhibitor,,,,,,,,,,,,,,,,,,,,,,,,,,,,,,,,,,,,,,,,,,,,,,,,,,,,,,,,,,,,,,,,,,,,,,,,,,,,,,,,,,,,
"Trusted, Agents, Antimycin A, BSK-C016173, 123.5 nM",Mitochondrial inhibitor,,,,,,,,,,,,,,,,,,,,,,,,,,,,,,,,,,,,,,,,,,,,,,,,,,,,,,,,,,,,,,,,,,,,,,,,,,,,,,,,,,,,
"Trusted, Agents, Antimycin A, BSK-C016173, 13.7 nM",Mitochondrial inhibitor,,,,,,,,,,,,,,,,,,,,,,,,,,,,,,,,,,,,,,,,,,,,,,,,,,,,,,,,,,,,,,,,,,,,,,,,,,,,,,,,,,,,
"Trusted, Agents, Antimycin A, BSK-C016173, 3333.3 nM",Mitochondrial inhibitor,,,,,,,,,,,,,,,,,,,,,,,,,,,,,,,,,,,,,,,,,,,,,,,,,,,,,,,,,,,,,,,,,,,,,,,,,,,,,,,,,,,,
"Trusted, Agents, Antimycin A, BSK-C016173, 370.4 nM",Mitochondrial inhibitor,,,,,,,,,,,,,,,,,,,,,,,,,,,,,,,,,,,,,,,,,,,,,,,,,,,,,,,,,,,,,,,,,,,,,,,,,,,,,,,,,,,,
"Trusted, Agents, Antimycin A, BSK-C016173, 41.2 nM",Mitochondrial inhibitor,,,,,,,,,,,,,,,,,,,,,,,,,,,,,,,,,,,,,,,,,,,,,,,,,,,,,,,,,,,,,,,,,,,,,,,,,,,,,,,,,,,,
"Trusted, Agents, Myxothiazol, BSK-C016173, 1111.1 nM",Mitochondrial inhibitor,,,,,,,,,,,,,,,,,,,,,,,,,,,,,,,,,,,,,,,,,,,,,,,,,,,,,,,,,,,,,,,,,,,,,,,,,,,,,,,,,,,,
"Trusted, Agents, Myxothiazol, BSK-C016173, 123.5 nM",Mitochondrial inhibitor,,,,,,,,,,,,,,,,,,,,,,,,,,,,,,,,,,,,,,,,,,,,,,,,,,,,,,,,,,,,,,,,,,,,,,,,,,,,,,,,,,,,
"Trusted, Agents, Myxothiazol, BSK-C016173, 370.4 nM",Mitochondrial inhibitor,,,,,,,,,,,,,,,,,,,,,,,,,,,,,,,,,,,,,,,,,,,,,,,,,,,,,,,,,,,,,,,,,,,,,,,,,,,,,,,,,,,,
"Trusted, Agents, Oligomycin A, BSK-C016173, 10000 nM",Mitochondrial inhibitor,,,,,,,,,,,,,,,,,,,,,,,,,,,,,,,,,,,,,,,,,,,,,,,,,,,,,,,,,,,,,,,,,,,,,,,,,,,,,,,,,,,,
"Trusted, Agents, Oligomycin A, BSK-C016173, 1111.1 nM",Mitochondrial inhibitor,,,,,,,,,,,,,,,,,,,,,,,,,,,,,,,,,,,,,,,,,,,,,,,,,,,,,,,,,,,,,,,,,,,,,,,,,,,,,,,,,,,,
"Trusted, Agents, Oligomycin A, BSK-C016173, 30000 nM",Mitochondrial inhibitor,,,,,,,,,,,,,,,,,,,,,,,,,,,,,,,,,,,,,,,,,,,,,,,,,,,,,,,,,,,,,,,,,,,,,,,,,,,,,,,,,,,,
"Trusted, Agents, Oligomycin A, BSK-C016173, 3333.3 nM",Mitochondrial inhibitor,,,,,,,,,,,,,,,,,,,,,,,,,,,,,,,,,,,,,,,,,,,,,,,,,,,,,,,,,,,,,,,,,,,,,,,,,,,,,,,,,,,,
"Trusted, Agents, Rotenone, BSK-C016173, 10000 nM",Mitochondrial inhibitor,,,,,,,,,,,,,,,,,,,,,,,,,,,,,,,,,,,,,,,,,,,,,,,,,,,,,,,,,,,,,,,,,,,,,,,,,,,,,,,,,,,,
"Trusted, Agents, Rotenone, BSK-C016173, 1111.1 nM",Mitochondrial inhibitor,,,,,,,,,,,,,,,,,,,,,,,,,,,,,,,,,,,,,,,,,,,,,,,,,,,,,,,,,,,,,,,,,,,,,,,,,,,,,,,,,,,,
"Trusted, Agents, Rotenone, BSK-C016173, 3333.3 nM",Mitochondrial inhibitor,,,,,,,,,,,,,,,,,,,,,,,,,,,,,,,,,,,,,,,,,,,,,,,,,,,,,,,,,,,,,,,,,,,,,,,,,,,,,,,,,,,,
"Trusted, Agents, Rotenone, BSK-C016173, 370.4 nM",Mitochondrial inhibitor,,,,,,,,,,,,,,,,,,,,,,,,,,,,,,,,,,,,,,,,,,,,,,,,,,,,,,,,,,,,,,,,,,,,,,,,,,,,,,,,,,,,
"Trusted, Agents, Shaoguamycin B, BSK-C016173, 0.15 nM",Mitochondrial inhibitor,,,,,,,,,,,,,,,,,,,,,,,,,,,,,,,,,,,,,,,,,,,,,,,,,,,,,,,,,,,,,,,,,,,,,,,,,,,,,,,,,,,,
"Trusted, Agents, Shaoguamycin B, BSK-C016173, 0.46 nM",Mitochondrial inhibitor,,,,,,,,,,,,,,,,,,,,,,,,,,,,,,,,,,,,,,,,,,,,,,,,,,,,,,,,,,,,,,,,,,,,,,,,,,,,,,,,,,,,
"Trusted, Agents, Shaoguamycin B, BSK-C016173, 1.4 nM",Mitochondrial inhibitor,,,,,,,,,,,,,,,,,,,,,,,,,,,,,,,,,,,,,,,,,,,,,,,,,,,,,,,,,,,,,,,,,,,,,,,,,,,,,,,,,,,,
"Trusted, Agents, Shaoguamycin B, BSK-C016173, 12.3 nM",Mitochondrial inhibitor,,,,,,,,,,,,,,,,,,,,,,,,,,,,,,,,,,,,,,,,,,,,,,,,,,,,,,,,,,,,,,,,,,,,,,,,,,,,,,,,,,,,
"Trusted, Agents, Shaoguamycin B, BSK-C016173, 37 nM",Mitochondrial inhibitor,,,,,,,,,,,,,,,,,,,,,,,,,,,,,,,,,,,,,,,,,,,,,,,,,,,,,,,,,,,,,,,,,,,,,,,,,,,,,,,,,,,,
"Trusted, Agents, Shaoguamycin B, BSK-C016173, 4.1 nM",Mitochondrial inhibitor,,,,,,,,,,,,,,,,,,,,,,,,,,,,,,,,,,,,,,,,,,,,,,,,,,,,,,,,,,,,,,,,,,,,,,,,,,,,,,,,,,,,
"Trusted, Agents, Ibudilast, BSK-C016173, 10000 nM",PDE IV inhibitor,,,,,,,,,,,,,,,,,,,,,,,,,,,,,,,,,,,,,,,,,,,,,,,,,,,,,,,,,,,,,,,,,,,,,,,,,,,,,,,,,,,,
"Trusted, Agents, Ibudilast, BSK-C016173, 30000 nM",PDE IV inhibitor,,,,,,,,,,,,,,,,,,,,,,,,,,,,,,,,,,,,,,,,,,,,,,,,,,,,,,,,,,,,,,,,,,,,,,,,,,,,,,,,,,,,
"Trusted, Agents, Ibudilast, BSK-C016173, 3333.3 nM",PDE IV inhibitor,,,,,,,,,,,,,,,,,,,,,,,,,,,,,,,,,,,,,,,,,,,,,,,,,,,,,,,,,,,,,,,,,,,,,,,,,,,,,,,,,,,,
"Trusted, Agents, Ibudilast, BSK-C016173, 90000 nM",PDE IV inhibitor,,,,,,,,,,,,,,,,,,,,,,,,,,,,,,,,,,,,,,,,,,,,,,,,,,,,,,,,,,,,,,,,,,,,,,,,,,,,,,,,,,,,
"Trusted, Agents, ICI 63197, BSK-C016173, 10000 nM",PDE IV inhibitor,,,,,,,,,,,,,,,,,,,,,,,,,,,,,,,,,,,,,,,,,,,,,,,,,,,,,,,,,,,,,,,,,,,,,,,,,,,,,,,,,,,,
"Trusted, Agents, ICI 63197, BSK-C016173, 30000 nM",PDE IV inhibitor,,,,,,,,,,,,,,,,,,,,,,,,,,,,,,,,,,,,,,,,,,,,,,,,,,,,,,,,,,,,,,,,,,,,,,,,,,,,,,,,,,,,
"Trusted, Agents, ICI 63197, BSK-C016173, 90000 nM",PDE IV inhibitor,,,,,,,,,,,,,,,,,,,,,,,,,,,,,,,,,,,,,,,,,,,,,,,,,,,,,,,,,,,,,,,,,,,,,,,,,,,,,,,,,,,,
"Trusted, Agents, R(-)rolipram, BSK-C016173, 10000 nM",PDE IV inhibitor,,,,,,,,,,,,,,,,,,,,,,,,,,,,,,,,,,,,,,,,,,,,,,,,,,,,,,,,,,,,,,,,,,,,,,,,,,,,,,,,,,,,
"Trusted, Agents, R(-)rolipram, BSK-C016173, 1111.1 nM",PDE IV inhibitor,,,,,,,,,,,,,,,,,,,,,,,,,,,,,,,,,,,,,,,,,,,,,,,,,,,,,,,,,,,,,,,,,,,,,,,,,,,,,,,,,,,,
"Trusted, Agents, R(-)rolipram, BSK-C016173, 3333.3 nM",PDE IV inhibitor,,,,,,,,,,,,,,,,,,,,,,,,,,,,,,,,,,,,,,,,,,,,,,,,,,,,,,,,,,,,,,,,,,,,,,,,,,,,,,,,,,,,
"Trusted, Agents, R(-)rolipram, BSK-C016173, 370.4 nM",PDE IV inhibitor,,,,,,,,,,,,,,,,,,,,,,,,,,,,,,,,,,,,,,,,,,,,,,,,,,,,,,,,,,,,,,,,,,,,,,,,,,,,,,,,,,,,
"Trusted, Agents, Ro-20-1724, BSK-C016173, 10000 nM",PDE IV inhibitor,,,,,,,,,,,,,,,,,,,,,,,,,,,,,,,,,,,,,,,,,,,,,,,,,,,,,,,,,,,,,,,,,,,,,,,,,,,,,,,,,,,,
"Trusted, Agents, Ro-20-1724, BSK-C016173, 1111.1 nM",PDE IV inhibitor,,,,,,,,,,,,,,,,,,,,,,,,,,,,,,,,,,,,,,,,,,,,,,,,,,,,,,,,,,,,,,,,,,,,,,,,,,,,,,,,,,,,
"Trusted, Agents, Ro-20-1724, BSK-C016173, 30000 nM",PDE IV inhibitor,,,,,,,,,,,,,,,,,,,,,,,,,,,,,,,,,,,,,,,,,,,,,,,,,,,,,,,,,,,,,,,,,,,,,,,,,,,,,,,,,,,,
"Trusted, Agents, Ro-20-1724, BSK-C016173, 3333.3 nM",PDE IV inhibitor,,,,,,,,,,,,,,,,,,,,,,,,,,,,,,,,,,,,,,,,,,,,,,,,,,,,,,,,,,,,,,,,,,,,,,,,,,,,,,,,,,,,
"Trusted, Agents, GDC-0941, BSK-C016173, 10000 nM",PI3K inhibitor,,,,,,,,,,,,,,,,,,,,,,,,,,,,,,,,,,,,,,,,,,,,,,,,,,,,,,,,,,,,,,,,,,,,,,,,,,,,,,,,,,,,
"Trusted, Agents, GDC-0941, BSK-C016173, 1111.1 nM",PI3K inhibitor,,,,,,,,,,,,,,,,,,,,,,,,,,,,,,,,,,,,,,,,,,,,,,,,,,,,,,,,,,,,,,,,,,,,,,,,,,,,,,,,,,,,
"Trusted, Agents, GDC-0941, BSK-C016173, 30000 nM",PI3K inhibitor,,,,,,,,,,,,,,,,,,,,,,,,,,,,,,,,,,,,,,,,,,,,,,,,,,,,,,,,,,,,,,,,,,,,,,,,,,,,,,,,,,,,
"Trusted, Agents, GDC-0941, BSK-C016173, 3333.3 nM",PI3K inhibitor,,,,,,,,,,,,,,,,,,,,,,,,,,,,,,,,,,,,,,,,,,,,,,,,,,,,,,,,,,,,,,,,,,,,,,,,,,,,,,,,,,,,
"Trusted, Agents, GDC-0941, BSK-C016173, 370.4 nM",PI3K inhibitor,,,,,,,,,,,,,,,,,,,,,,,,,,,,,,,,,,,,,,,,,,,,,,,,,,,,,,,,,,,,,,,,,,,,,,,,,,,,,,,,,,,,
"Trusted, Agents, LY294002, BSK-C016173, 3333.3 nM",PI3K inhibitor,,,,,,,,,,,,,,,,,,,,,,,,,,,,,,,,,,,,,,,,,,,,,,,,,,,,,,,,,,,,,,,,,,,,,,,,,,,,,,,,,,,,
"Trusted, Agents, GF 109203X, BSK-C016173, 1000 nM",PKC (c+n) inhibitor,,,,,,,,,,,,,,,,,,,,,,,,,,,,,,,,,,,,,,,,,,,,,,,,,,,,,,,,,,,,,,,,,,,,,,,,,,,,,,,,,,,,
"Trusted, Agents, GF 109203X, BSK-C016173, 1111.1 nM",PKC (c+n) inhibitor,,,,,,,,,,,,,,,,,,,,,,,,,,,,,,,,,,,,,,,,,,,,,,,,,,,,,,,,,,,,,,,,,,,,,,,,,,,,,,,,,,,,
"Trusted, Agents, GF 109203X, BSK-C016173, 333.3 nM",PKC (c+n) inhibitor,,,,,,,,,,,,,,,,,,,,,,,,,,,,,,,,,,,,,,,,,,,,,,,,,,,,,,,,,,,,,,,,,,,,,,,,,,,,,,,,,,,,
"Trusted, Agents, GF 109203X, BSK-C016173, 3333.3 nM",PKC (c+n) inhibitor,,,,,,,,,,,,,,,,,,,,,,,,,,,,,,,,,,,,,,,,,,,,,,,,,,,,,,,,,,,,,,,,,,,,,,,,,,,,,,,,,,,,
"Trusted, Agents, GF 109203X, BSK-C016173, 370.4 nM",PKC (c+n) inhibitor,,,,,,,,,,,,,,,,,,,,,,,,,,,,,,,,,,,,,,,,,,,,,,,,,,,,,,,,,,,,,,,,,,,,,,,,,,,,,,,,,,,,
"Trusted, Agents, Go 6983, BSK-C016173, 1000 nM",PKC (c+n) inhibitor,,,,,,,,,,,,,,,,,,,,,,,,,,,,,,,,,,,,,,,,,,,,,,,,,,,,,,,,,,,,,,,,,,,,,,,,,,,,,,,,,,,,
"Trusted, Agents, Go 6983, BSK-C016173, 111.1 nM",PKC (c+n) inhibitor,,,,,,,,,,,,,,,,,,,,,,,,,,,,,,,,,,,,,,,,,,,,,,,,,,,,,,,,,,,,,,,,,,,,,,,,,,,,,,,,,,,,
"Trusted, Agents, Go 6983, BSK-C016173, 3000 nM",PKC (c+n) inhibitor,,,,,,,,,,,,,,,,,,,,,,,,,,,,,,,,,,,,,,,,,,,,,,,,,,,,,,,,,,,,,,,,,,,,,,,,,,,,,,,,,,,,
"Trusted, Agents, Go 6983, BSK-C016173, 333.3 nM",PKC (c+n) inhibitor,,,,,,,,,,,,,,,,,,,,,,,,,,,,,,,,,,,,,,,,,,,,,,,,,,,,,,,,,,,,,,,,,,,,,,,,,,,,,,,,,,,,
"Trusted, Agents, Ro-32-0432, BSK-C016173, 1000 nM",PKC (c+n) inhibitor,,,,,,,,,,,,,,,,,,,,,,,,,,,,,,,,,,,,,,,,,,,,,,,,,,,,,,,,,,,,,,,,,,,,,,,,,,,,,,,,,,,,
"Trusted, Agents, Ro-32-0432, BSK-C016173, 3000 nM",PKC (c+n) inhibitor,,,,,,,,,,,,,,,,,,,,,,,,,,,,,,,,,,,,,,,,,,,,,,,,,,,,,,,,,,,,,,,,,,,,,,,,,,,,,,,,,,,,
"Trusted, Agents, Ro-32-0432, BSK-C016173, 333.3 nM",PKC (c+n) inhibitor,,,,,,,,,,,,,,,,,,,,,,,,,,,,,,,,,,,,,,,,,,,,,,,,,,,,,,,,,,,,,,,,,,,,,,,,,,,,,,,,,,,,
"Trusted, Agents, Bortezomib, BSK-C016173, 13.7 nM",Proteasome inhibitor,,,,,,,,,,,,,,,,,,,,,,,,,,,,,,,,,,,,,,,,,,,,,,,,,,,,,,,,,,,,,,,,,,,,,,,,,,,,,,,,,,,,
"Trusted, Agents, Bortezomib, BSK-C016173, 4.6 nM",Proteasome inhibitor,,,,,,,,,,,,,,,,,,,,,,,,,,,,,,,,,,,,,,,,,,,,,,,,,,,,,,,,,,,,,,,,,,,,,,,,,,,,,,,,,,,,
"Trusted, Agents, Epoxomicin, BSK-C016173, 24.7 nM",Proteasome inhibitor,,,,,,,,,,,,,,,,,,,,,,,,,,,,,,,,,,,,,,,,,,,,,,,,,,,,,,,,,,,,,,,,,,,,,,,,,,,,,,,,,,,,
"Trusted, Agents, PR-171, BSK-C016173, 13.7 nM",Proteasome inhibitor,,,,,,,,,,,,,,,,,,,,,,,,,,,,,,,,,,,,,,,,,,,,,,,,,,,,,,,,,,,,,,,,,,,,,,,,,,,,,,,,,,,,
"Trusted, Agents, PR-171, BSK-C016173, 41.2 nM",Proteasome inhibitor,,,,,,,,,,,,,,,,,,,,,,,,,,,,,,,,,,,,,,,,,,,,,,,,,,,,,,,,,,,,,,,,,,,,,,,,,,,,,,,,,,,,
"Trusted, Agents, 9-cis-Retinoic Acid, BSK-C016173, 11111.1 nM",RAR/RXR agonist,,,,,,,,,,,,,,,,,,,,,,,,,,,,,,,,,,,,,,,,,,,,,,,,,,,,,,,,,,,,,,,,,,,,,,,,,,,,,,,,,,,,
"Trusted, Agents, 9-cis-Retinoic Acid, BSK-C016173, 1234.6 nM",RAR/RXR agonist,,,,,,,,,,,,,,,,,,,,,,,,,,,,,,,,,,,,,,,,,,,,,,,,,,,,,,,,,,,,,,,,,,,,,,,,,,,,,,,,,,,,
"Trusted, Agents, 9-cis-Retinoic Acid, BSK-C016173, 137.2 nM",RAR/RXR agonist,,,,,,,,,,,,,,,,,,,,,,,,,,,,,,,,,,,,,,,,,,,,,,,,,,,,,,,,,,,,,,,,,,,,,,,,,,,,,,,,,,,,
"Trusted, Agents, 9-cis-Retinoic Acid, BSK-C016173, 15.2 nM",RAR/RXR agonist,,,,,,,,,,,,,,,,,,,,,,,,,,,,,,,,,,,,,,,,,,,,,,,,,,,,,,,,,,,,,,,,,,,,,,,,,,,,,,,,,,,,
"Trusted, Agents, 9-cis-Retinoic Acid, BSK-C016173, 3703.7 nM",RAR/RXR agonist,,,,,,,,,,,,,,,,,,,,,,,,,,,,,,,,,,,,,,,,,,,,,,,,,,,,,,,,,,,,,,,,,,,,,,,,,,,,,,,,,,,,
"Trusted, Agents, 9-cis-Retinoic Acid, BSK-C016173, 411.5 nM",RAR/RXR agonist,,,,,,,,,,,,,,,,,,,,,,,,,,,,,,,,,,,,,,,,,,,,,,,,,,,,,,,,,,,,,,,,,,,,,,,,,,,,,,,,,,,,
"Trusted, Agents, 9-cis-Retinoic Acid, BSK-C016173, 45.7 nM",RAR/RXR agonist,,,,,,,,,,,,,,,,,,,,,,,,,,,,,,,,,,,,,,,,,,,,,,,,,,,,,,,,,,,,,,,,,,,,,,,,,,,,,,,,,,,,
"Trusted, Agents, trans-Retinoic Acid, BSK-C016173, 10.2 nM",RAR/RXR agonist,,,,,,,,,,,,,,,,,,,,,,,,,,,,,,,,,,,,,,,,,,,,,,,,,,,,,,,,,,,,,,,,,,,,,,,,,,,,,,,,,,,,
"Trusted, Agents, trans-Retinoic Acid, BSK-C016173, 1111.1 nM",RAR/RXR agonist,,,,,,,,,,,,,,,,,,,,,,,,,,,,,,,,,,,,,,,,,,,,,,,,,,,,,,,,,,,,,,,,,,,,,,,,,,,,,,,,,,,,
"Trusted, Agents, trans-Retinoic Acid, BSK-C016173, 1481.5 nM",RAR/RXR agonist,,,,,,,,,,,,,,,,,,,,,,,,,,,,,,,,,,,,,,,,,,,,,,,,,,,,,,,,,,,,,,,,,,,,,,,,,,,,,,,,,,,,
"Trusted, Agents, trans-Retinoic Acid, BSK-C016173, 2469.1 nM",RAR/RXR agonist,,,,,,,,,,,,,,,,,,,,,,,,,,,,,,,,,,,,,,,,,,,,,,,,,,,,,,,,,,,,,,,,,,,,,,,,,,,,,,,,,,,,
"Trusted, Agents, trans-Retinoic Acid, BSK-C016173, 274.3 nM",RAR/RXR agonist,,,,,,,,,,,,,,,,,,,,,,,,,,,,,,,,,,,,,,,,,,,,,,,,,,,,,,,,,,,,,,,,,,,,,,,,,,,,,,,,,,,,
"Trusted, Agents, trans-Retinoic Acid, BSK-C016173, 30.5 nM",RAR/RXR agonist,,,,,,,,,,,,,,,,,,,,,,,,,,,,,,,,,,,,,,,,,,,,,,,,,,,,,,,,,,,,,,,,,,,,,,,,,,,,,,,,,,,,
"Trusted, Agents, trans-Retinoic Acid, BSK-C016173, 823 nM",RAR/RXR agonist,,,,,,,,,,,,,,,,,,,,,,,,,,,,,,,,,,,,,,,,,,,,,,,,,,,,,,,,,,,,,,,,,,,,,,,,,,,,,,,,,,,,
"Trusted, Agents, trans-Retinoic Acid, BSK-C016173, 91.4 nM",RAR/RXR agonist,,,,,,,,,,,,,,,,,,,,,,,,,,,,,,,,,,,,,,,,,,,,,,,,,,,,,,,,,,,,,,,,,,,,,,,,,,,,,,,,,,,,
"Trusted, Agents, AZD0530, BSK-C016173, 10000 nM",Src family inhibitor,,,,,,,,,,,,,,,,,,,,,,,,,,,,,,,,,,,,,,,,,,,,,,,,,,,,,,,,,,,,,,,,,,,,,,,,,,,,,,,,,,,,
"Trusted, Agents, AZD0530, BSK-C016173, 3333.3 nM",Src family inhibitor,,,,,,,,,,,,,,,,,,,,,,,,,,,,,,,,,,,,,,,,,,,,,,,,,,,,,,,,,,,,,,,,,,,,,,,,,,,,,,,,,,,,
"Trusted, Agents, Dasatinib, BSK-C016173, 123.5 nM",Src family inhibitor,,,,,,,,,,,,,,,,,,,,,,,,,,,,,,,,,,,,,,,,,,,,,,,,,,,,,,,,,,,,,,,,,,,,,,,,,,,,,,,,,,,,
"Trusted, Agents, Dasatinib, BSK-C016173, 13.7 nM",Src family inhibitor,,,,,,,,,,,,,,,,,,,,,,,,,,,,,,,,,,,,,,,,,,,,,,,,,,,,,,,,,,,,,,,,,,,,,,,,,,,,,,,,,,,,
"Trusted, Agents, Dasatinib, BSK-C016173, 41.2 nM",Src family inhibitor,,,,,,,,,,,,,,,,,,,,,,,,,,,,,,,,,,,,,,,,,,,,,,,,,,,,,,,,,,,,,,,,,,,,,,,,,,,,,,,,,,,,
"Trusted, Agents, PP1, BSK-C016173, 1666.7 nM",Src family inhibitor,,,,,,,,,,,,,,,,,,,,,,,,,,,,,,,,,,,,,,,,,,,,,,,,,,,,,,,,,,,,,,,,,,,,,,,,,,,,,,,,,,,,
"Trusted, Agents, Enbrel, BSK-C016173, 1000 ng/ml",TNF-α antagonist,,,,,,,,,,,,,,,,,,,,,,,,,,,,,,,,,,,,,,,,,,,,,,,,,,,,,,,,,,,,,,,,,,,,,,,,,,,,,,,,,,,,
"Trusted, Agents, Enbrel, BSK-C016173, 10000 ng/ml",TNF-α antagonist,,,,,,,,,,,,,,,,,,,,,,,,,,,,,,,,,,,,,,,,,,,,,,,,,,,,,,,,,,,,,,,,,,,,,,,,,,,,,,,,,,,,
"Trusted, Agents, Humira, BSK-C016173, 1000 ng/ml",TNF-α antagonist,,,,,,,,,,,,,,,,,,,,,,,,,,,,,,,,,,,,,,,,,,,,,,,,,,,,,,,,,,,,,,,,,,,,,,,,,,,,,,,,,,,,
"Trusted, Agents, Humira, BSK-C016173, 10000 ng/ml",TNF-α antagonist,,,,,,,,,,,,,,,,,,,,,,,,,,,,,,,,,,,,,,,,,,,,,,,,,,,,,,,,,,,,,,,,,,,,,,,,,,,,,,,,,,,,
"Trusted, Agents, Humira, BSK-C016173, 30000 ng/ml",TNF-α antagonist,,,,,,,,,,,,,,,,,,,,,,,,,,,,,,,,,,,,,,,,,,,,,,,,,,,,,,,,,,,,,,,,,,,,,,,,,,,,,,,,,,,,
"Trusted, Agents, Remicade, BSK-C016173, 1000 ng/ml",TNF-α antagonist,,,,,,,,,,,,,,,,,,,,,,,,,,,,,,,,,,,,,,,,,,,,,,,,,,,,,,,,,,,,,,,,,,,,,,,,,,,,,,,,,,,,
"Trusted, Agents, Remicade, BSK-C016173, 10000 ng/ml",TNF-α antagonist,,,,,,,,,,,,,,,,,,,,,,,,,,,,,,,,,,,,,,,,,,,,,,,,,,,,,,,,,,,,,,,,,,,,,,,,,,,,,,,,,,,,
"Trusted, Agents, Remicade, BSK-C016173, 30000 ng/ml",TNF-α antagonist,,,,,,,,,,,,,,,,,,,,,,,,,,,,,,,,,,,,,,,,,,,,,,,,,,,,,,,,,,,,,,,,,,,,,,,,,,,,,,,,,,,,
"Trusted, Agents, Calcitriol, BSK-C016173, 1000 nM",Vitamin D receptor agonist,,,,,,,,,,,,,,,,,,,,,,,,,,,,,,,,,,,,,,,,,,,,,,,,,,,,,,,,,,,,,,,,,,,,,,,,,,,,,,,,,,,,
"Trusted, Agents, Calcitriol, BSK-C016173, 111.1 nM",Vitamin D receptor agonist,,,,,,,,,,,,,,,,,,,,,,,,,,,,,,,,,,,,,,,,,,,,,,,,,,,,,,,,,,,,,,,,,,,,,,,,,,,,,,,,,,,,
"Trusted, Agents, Calcitriol, BSK-C016173, 12.3 nM",Vitamin D receptor agonist,,,,,,,,,,,,,,,,,,,,,,,,,,,,,,,,,,,,,,,,,,,,,,,,,,,,,,,,,,,,,,,,,,,,,,,,,,,,,,,,,,,,
"Trusted, Agents, Calcitriol, BSK-C016173, 333.3 nM",Vitamin D receptor agonist,,,,,,,,,,,,,,,,,,,,,,,,,,,,,,,,,,,,,,,,,,,,,,,,,,,,,,,,,,,,,,,,,,,,,,,,,,,,,,,,,,,,
"Trusted, Agents, Calcitriol, BSK-C016173, 37 nM",Vitamin D receptor agonist,,,,,,,,,,,,,,,,,,,,,,,,,,,,,,,,,,,,,,,,,,,,,,,,,,,,,,,,,,,,,,,,,,,,,,,,,,,,,,,,,,,,
"Trusted, Agents, Calcitriol, BSK-C016173, 4.1 nM",Vitamin D receptor agonist,,,,,,,,,,,,,,,,,,,,,,,,,,,,,,,,,,,,,,,,,,,,,,,,,,,,,,,,,,,,,,,,,,,,,,,,,,,,,,,,,,,,
"Trusted, Agents, Everolimus, BSK-C016173, 0.46 nM",mTOR inhibitor,,,,,,,,,,,,,,,,,,,,,,,,,,,,,,,,,,,,,,,,,,,,,,,,,,,,,,,,,,,,,,,,,,,,,,,,,,,,,,,,,,,,
"Trusted, Agents, Everolimus, BSK-C016173, 1.4 nM",mTOR inhibitor,,,,,,,,,,,,,,,,,,,,,,,,,,,,,,,,,,,,,,,,,,,,,,,,,,,,,,,,,,,,,,,,,,,,,,,,,,,,,,,,,,,,
"Trusted, Agents, Everolimus, BSK-C016173, 111.1 nM",mTOR inhibitor,,,,,,,,,,,,,,,,,,,,,,,,,,,,,,,,,,,,,,,,,,,,,,,,,,,,,,,,,,,,,,,,,,,,,,,,,,,,,,,,,,,,
"Trusted, Agents, Everolimus, BSK-C016173, 12.3 nM",mTOR inhibitor,,,,,,,,,,,,,,,,,,,,,,,,,,,,,,,,,,,,,,,,,,,,,,,,,,,,,,,,,,,,,,,,,,,,,,,,,,,,,,,,,,,,
"Trusted, Agents, Everolimus, BSK-C016173, 333.3 nM",mTOR inhibitor,,,,,,,,,,,,,,,,,,,,,,,,,,,,,,,,,,,,,,,,,,,,,,,,,,,,,,,,,,,,,,,,,,,,,,,,,,,,,,,,,,,,
"Trusted, Agents, Everolimus, BSK-C016173, 37 nM",mTOR inhibitor,,,,,,,,,,,,,,,,,,,,,,,,,,,,,,,,,,,,,,,,,,,,,,,,,,,,,,,,,,,,,,,,,,,,,,,,,,,,,,,,,,,,
"Trusted, Agents, Everolimus, BSK-C016173, 4.1 nM",mTOR inhibitor,,,,,,,,,,,,,,,,,,,,,,,,,,,,,,,,,,,,,,,,,,,,,,,,,,,,,,,,,,,,,,,,,,,,,,,,,,,,,,,,,,,,
"Trusted, Agents, Rapamycin, BSK-C016173, 0.46 nM",mTOR inhibitor,,,,,,,,,,,,,,,,,,,,,,,,,,,,,,,,,,,,,,,,,,,,,,,,,,,,,,,,,,,,,,,,,,,,,,,,,,,,,,,,,,,,
"Trusted, Agents, Rapamycin, BSK-C016173, 1.4 nM",mTOR inhibitor,,,,,,,,,,,,,,,,,,,,,,,,,,,,,,,,,,,,,,,,,,,,,,,,,,,,,,,,,,,,,,,,,,,,,,,,,,,,,,,,,,,,
"Trusted, Agents, Rapamycin, BSK-C016173, 100 nM",mTOR inhibitor,,,,,,,,,,,,,,,,,,,,,,,,,,,,,,,,,,,,,,,,,,,,,,,,,,,,,,,,,,,,,,,,,,,,,,,,,,,,,,,,,,,,
"Trusted, Agents, Rapamycin, BSK-C016173, 1000 nM",mTOR inhibitor,,,,,,,,,,,,,,,,,,,,,,,,,,,,,,,,,,,,,,,,,,,,,,,,,,,,,,,,,,,,,,,,,,,,,,,,,,,,,,,,,,,,
"Trusted, Agents, Rapamycin, BSK-C016173, 111.1 nM",mTOR inhibitor,,,,,,,,,,,,,,,,,,,,,,,,,,,,,,,,,,,,,,,,,,,,,,,,,,,,,,,,,,,,,,,,,,,,,,,,,,,,,,,,,,,,
"Trusted, Agents, Rapamycin, BSK-C016173, 12.3 nM",mTOR inhibitor,,,,,,,,,,,,,,,,,,,,,,,,,,,,,,,,,,,,,,,,,,,,,,,,,,,,,,,,,,,,,,,,,,,,,,,,,,,,,,,,,,,,
"Trusted, Agents, Rapamycin, BSK-C016173, 20 nM",mTOR inhibitor,,,,,,,,,,,,,,,,,,,,,,,,,,,,,,,,,,,,,,,,,,,,,,,,,,,,,,,,,,,,,,,,,,,,,,,,,,,,,,,,,,,,
"Trusted, Agents, Rapamycin, BSK-C016173, 333.3 nM",mTOR inhibitor,,,,,,,,,,,,,,,,,,,,,,,,,,,,,,,,,,,,,,,,,,,,,,,,,,,,,,,,,,,,,,,,,,,,,,,,,,,,,,,,,,,,
"Trusted, Agents, Rapamycin, BSK-C016173, 37 nM",mTOR inhibitor,,,,,,,,,,,,,,,,,,,,,,,,,,,,,,,,,,,,,,,,,,,,,,,,,,,,,,,,,,,,,,,,,,,,,,,,,,,,,,,,,,,,
"Trusted, Agents, Rapamycin, BSK-C016173, 4.1 nM",mTOR inhibitor,,,,,,,,,,,,,,,,,,,,,,,,,,,,,,,,,,,,,,,,,,,,,,,,,,,,,,,,,,,,,,,,,,,,,,,,,,,,,,,,,,,,
"Trusted, Agents, Temsirolimus, BSK-C016173, 0.51 nM",mTOR inhibitor,,,,,,,,,,,,,,,,,,,,,,,,,,,,,,,,,,,,,,,,,,,,,,,,,,,,,,,,,,,,,,,,,,,,,,,,,,,,,,,,,,,,
"Trusted, Agents, Temsirolimus, BSK-C016173, 1.5 nM",mTOR inhibitor,,,,,,,,,,,,,,,,,,,,,,,,,,,,,,,,,,,,,,,,,,,,,,,,,,,,,,,,,,,,,,,,,,,,,,,,,,,,,,,,,,,,
"Trusted, Agents, Temsirolimus, BSK-C016173, 10000 nM",mTOR inhibitor,,,,,,,,,,,,,,,,,,,,,,,,,,,,,,,,,,,,,,,,,,,,,,,,,,,,,,,,,,,,,,,,,,,,,,,,,,,,,,,,,,,,
"Trusted, Agents, Temsirolimus, BSK-C016173, 1111.1 nM",mTOR inhibitor,,,,,,,,,,,,,,,,,,,,,,,,,,,,,,,,,,,,,,,,,,,,,,,,,,,,,,,,,,,,,,,,,,,,,,,,,,,,,,,,,,,,
"Trusted, Agents, Temsirolimus, BSK-C016173, 123.5 nM",mTOR inhibitor,,,,,,,,,,,,,,,,,,,,,,,,,,,,,,,,,,,,,,,,,,,,,,,,,,,,,,,,,,,,,,,,,,,,,,,,,,,,,,,,,,,,
"Trusted, Agents, Temsirolimus, BSK-C016173, 13.7 nM",mTOR inhibitor,,,,,,,,,,,,,,,,,,,,,,,,,,,,,,,,,,,,,,,,,,,,,,,,,,,,,,,,,,,,,,,,,,,,,,,,,,,,,,,,,,,,
"Trusted, Agents, Temsirolimus, BSK-C016173, 3333.3 nM",mTOR inhibitor,,,,,,,,,,,,,,,,,,,,,,,,,,,,,,,,,,,,,,,,,,,,,,,,,,,,,,,,,,,,,,,,,,,,,,,,,,,,,,,,,,,,
"Trusted, Agents, Temsirolimus, BSK-C016173, 370.4 nM",mTOR inhibitor,,,,,,,,,,,,,,,,,,,,,,,,,,,,,,,,,,,,,,,,,,,,,,,,,,,,,,,,,,,,,,,,,,,,,,,,,,,,,,,,,,,,
"Trusted, Agents, Temsirolimus, BSK-C016173, 4.6 nM",mTOR inhibitor,,,,,,,,,,,,,,,,,,,,,,,,,,,,,,,,,,,,,,,,,,,,,,,,,,,,,,,,,,,,,,,,,,,,,,,,,,,,,,,,,,,,
"Trusted, Agents, Temsirolimus, BSK-C016173, 41.2 nM",mTOR inhibitor,,,,,,,,,,,,,,,,,,,,,,,,,,,,,,,,,,,,,,,,,,,,,,,,,,,,,,,,,,,,,,,,,,,,,,,,,,,,,,,,,,,,
"Trusted, Agents, AMG548, BSK-C016173, 1000 nM",p38 MAPK inhibitor,,,,,,,,,,,,,,,,,,,,,,,,,,,,,,,,,,,,,,,,,,,,,,,,,,,,,,,,,,,,,,,,,,,,,,,,,,,,,,,,,,,,
"Trusted, Agents, AMG548, BSK-C016173, 111.1 nM",p38 MAPK inhibitor,,,,,,,,,,,,,,,,,,,,,,,,,,,,,,,,,,,,,,,,,,,,,,,,,,,,,,,,,,,,,,,,,,,,,,,,,,,,,,,,,,,,
"Trusted, Agents, AMG548, BSK-C016173, 333.3 nM",p38 MAPK inhibitor,,,,,,,,,,,,,,,,,,,,,,,,,,,,,,,,,,,,,,,,,,,,,,,,,,,,,,,,,,,,,,,,,,,,,,,,,,,,,,,,,,,,
"Trusted, Agents, AMG548, BSK-C016173, 37 nM",p38 MAPK inhibitor,,,,,,,,,,,,,,,,,,,,,,,,,,,,,,,,,,,,,,,,,,,,,,,,,,,,,,,,,,,,,,,,,,,,,,,,,,,,,,,,,,,,
"Trusted, Agents, BIRB-796, BSK-C016173, 1000 nM",p38 MAPK inhibitor,,,,,,,,,,,,,,,,,,,,,,,,,,,,,,,,,,,,,,,,,,,,,,,,,,,,,,,,,,,,,,,,,,,,,,,,,,,,,,,,,,,,
"Trusted, Agents, BIRB-796, BSK-C016173, 111.1 nM",p38 MAPK inhibitor,,,,,,,,,,,,,,,,,,,,,,,,,,,,,,,,,,,,,,,,,,,,,,,,,,,,,,,,,,,,,,,,,,,,,,,,,,,,,,,,,,,,
"Trusted, Agents, BIRB-796, BSK-C016173, 333.3 nM",p38 MAPK inhibitor,,,,,,,,,,,,,,,,,,,,,,,,,,,,,,,,,,,,,,,,,,,,,,,,,,,,,,,,,,,,,,,,,,,,,,,,,,,,,,,,,,,,
"Trusted, Agents, BIRB-796, BSK-C016173, 37 nM",p38 MAPK inhibitor,,,,,,,,,,,,,,,,,,,,,,,,,,,,,,,,,,,,,,,,,,,,,,,,,,,,,,,,,,,,,,,,,,,,,,,,,,,,,,,,,,,,
"Trusted, Agents, RO 320-1195, BSK-C016173, 1111.1 nM",p38 MAPK inhibitor,,,,,,,,,,,,,,,,,,,,,,,,,,,,,,,,,,,,,,,,,,,,,,,,,,,,,,,,,,,,,,,,,,,,,,,,,,,,,,,,,,,,
"Trusted, Agents, RO 320-1195, BSK-C016173, 3333.3 nM",p38 MAPK inhibitor,,,,,,,,,,,,,,,,,,,,,,,,,,,,,,,,,,,,,,,,,,,,,,,,,,,,,,,,,,,,,,,,,,,,,,,,,,,,,,,,,,,,
"Trusted, Agents, VX-745, BSK-C016173, 10000 nM",p38 MAPK inhibitor,,,,,,,,,,,,,,,,,,,,,,,,,,,,,,,,,,,,,,,,,,,,,,,,,,,,,,,,,,,,,,,,,,,,,,,,,,,,,,,,,,,,
"Trusted, Agents, VX-745, BSK-C016173, 1111.1 nM",p38 MAPK inhibitor,,,,,,,,,,,,,,,,,,,,,,,,,,,,,,,,,,,,,,,,,,,,,,,,,,,,,,,,,,,,,,,,,,,,,,,,,,,,,,,,,,,,
"Trusted, Agents, VX-745, BSK-C016173, 3333.3 nM",p38 MAPK inhibitor,,,,,,,,,,,,,,,,,,,,,,,,,,,,,,,,,,,,,,,,,,,,,,,,,,,,,,,,,,,,,,,,,,,,,,,,,,,,,,,,,,,,
"Trusted, Agents, VX-745, BSK-C016173, 370.4 nM",p38 MAPK inhibitor,,,,,,,,,,,,,,,,,,,,,,,,,,,,,,,,,,,,,,,,,,,,,,,,,,,,,,,,,,,,,,,,,,,,,,,,,,,,,,,,,,,,
